
[
  {
    "id": 1,
    "firstName": "Danika",
    "lastName": "Hanleigh",
    "age": 20
  },
  {
    "id": 2,
    "firstName": "Elena",
    "lastName": "Frodi",
    "age": 76
  },
  {
    "id": 3,
    "firstName": "Tori",
    "lastName": "Henrie",
    "age": 95
  },
  {
    "id": 4,
    "firstName": "Ermengarde",
    "lastName": "Tamar",
    "age": 77
  },
  {
    "id": 5,
    "firstName": "Leia",
    "lastName": "Sharl",
    "age": 97
  },
  {
    "id": 6,
    "firstName": "Christian",
    "lastName": "Rurik",
    "age": 32
  },
  {
    "id": 7,
    "firstName": "Emylee",
    "lastName": "Anyah",
    "age": 68
  },
  {
    "id": 8,
    "firstName": "Sarette",
    "lastName": "Haymes",
    "age": 48
  },
  {
    "id": 9,
    "firstName": "Meriel",
    "lastName": "Raul",
    "age": 23
  },
  {
    "id": 10,
    "firstName": "Marguerite",
    "lastName": "Evangelia",
    "age": 85
  },
  {
    "id": 11,
    "firstName": "Bill",
    "lastName": "Afton",
    "age": 37
  },
  {
    "id": 12,
    "firstName": "Amii",
    "lastName": "Leler",
    "age": 78
  },
  {
    "id": 13,
    "firstName": "Gwenneth",
    "lastName": "Sidonius",
    "age": 71
  },
  {
    "id": 14,
    "firstName": "Berta",
    "lastName": "Zuzana",
    "age": 18
  },
  {
    "id": 15,
    "firstName": "Elsie",
    "lastName": "Vastah",
    "age": 73
  },
  {
    "id": 16,
    "firstName": "Corina",
    "lastName": "Gregrory",
    "age": 18
  },
  {
    "id": 17,
    "firstName": "Sharai",
    "lastName": "Briney",
    "age": 42
  },
  {
    "id": 18,
    "firstName": "Teddie",
    "lastName": "Cressida",
    "age": 30
  },
  {
    "id": 19,
    "firstName": "Jeanna",
    "lastName": "Granoff",
    "age": 78
  },
  {
    "id": 20,
    "firstName": "Heida",
    "lastName": "Sothena",
    "age": 86
  },
  {
    "id": 21,
    "firstName": "Doralynne",
    "lastName": "Malanie",
    "age": 38
  },
  {
    "id": 22,
    "firstName": "Kayla",
    "lastName": "Corrine",
    "age": 29
  },
  {
    "id": 23,
    "firstName": "Renie",
    "lastName": "Pettiford",
    "age": 81
  },
  {
    "id": 24,
    "firstName": "Layla",
    "lastName": "Lalitta",
    "age": 85
  },
  {
    "id": 25,
    "firstName": "Carilyn",
    "lastName": "Warthman",
    "age": 57
  },
  {
    "id": 26,
    "firstName": "Caritta",
    "lastName": "Angelis",
    "age": 64
  },
  {
    "id": 27,
    "firstName": "Lacie",
    "lastName": "Wallis",
    "age": 80
  },
  {
    "id": 28,
    "firstName": "Karlee",
    "lastName": "Fulmer",
    "age": 19
  },
  {
    "id": 29,
    "firstName": "Nessie",
    "lastName": "Redmond",
    "age": 60
  },
  {
    "id": 30,
    "firstName": "Glynnis",
    "lastName": "Justinn",
    "age": 18
  },
  {
    "id": 31,
    "firstName": "Averyl",
    "lastName": "Fosque",
    "age": 46
  },
  {
    "id": 32,
    "firstName": "Elyssa",
    "lastName": "Curren",
    "age": 90
  },
  {
    "id": 33,
    "firstName": "Libbie",
    "lastName": "Wind",
    "age": 29
  },
  {
    "id": 34,
    "firstName": "Beth",
    "lastName": "Bethany",
    "age": 38
  },
  {
    "id": 35,
    "firstName": "Elvira",
    "lastName": "Shaver",
    "age": 73
  },
  {
    "id": 36,
    "firstName": "Nataline",
    "lastName": "Alwin",
    "age": 63
  },
  {
    "id": 37,
    "firstName": "Fernande",
    "lastName": "Francyne",
    "age": 50
  },
  {
    "id": 38,
    "firstName": "Dolli",
    "lastName": "Rocray",
    "age": 88
  },
  {
    "id": 39,
    "firstName": "Carol-Jean",
    "lastName": "Bluh",
    "age": 84
  },
  {
    "id": 40,
    "firstName": "Halette",
    "lastName": "Ciro",
    "age": 35
  },
  {
    "id": 41,
    "firstName": "Vinita",
    "lastName": "Annice",
    "age": 71
  },
  {
    "id": 42,
    "firstName": "Genovera",
    "lastName": "Millda",
    "age": 37
  },
  {
    "id": 43,
    "firstName": "Bettine",
    "lastName": "Fadiman",
    "age": 99
  },
  {
    "id": 44,
    "firstName": "Lilith",
    "lastName": "Bigner",
    "age": 71
  },
  {
    "id": 45,
    "firstName": "Alyda",
    "lastName": "Fontana",
    "age": 21
  },
  {
    "id": 46,
    "firstName": "Bernie",
    "lastName": "Tybald",
    "age": 46
  },
  {
    "id": 47,
    "firstName": "Minne",
    "lastName": "Ashely",
    "age": 63
  },
  {
    "id": 48,
    "firstName": "Lexine",
    "lastName": "Colyer",
    "age": 70
  },
  {
    "id": 49,
    "firstName": "Dianemarie",
    "lastName": "Stilwell",
    "age": 97
  },
  {
    "id": 50,
    "firstName": "Marleah",
    "lastName": "Junie",
    "age": 28
  },
  {
    "id": 51,
    "firstName": "Raquela",
    "lastName": "Dearborn",
    "age": 99
  },
  {
    "id": 52,
    "firstName": "Rhea",
    "lastName": "Poppy",
    "age": 46
  },
  {
    "id": 53,
    "firstName": "Yetty",
    "lastName": "LaRue",
    "age": 97
  },
  {
    "id": 54,
    "firstName": "Nyssa",
    "lastName": "Brenn",
    "age": 75
  },
  {
    "id": 55,
    "firstName": "Tera",
    "lastName": "Marisa",
    "age": 99
  },
  {
    "id": 56,
    "firstName": "Mara",
    "lastName": "Voletta",
    "age": 77
  },
  {
    "id": 57,
    "firstName": "Dania",
    "lastName": "Alisia",
    "age": 43
  },
  {
    "id": 58,
    "firstName": "Lulita",
    "lastName": "Tatianas",
    "age": 70
  },
  {
    "id": 59,
    "firstName": "Tersina",
    "lastName": "Kendrick",
    "age": 82
  },
  {
    "id": 60,
    "firstName": "Farrah",
    "lastName": "Kenwood",
    "age": 44
  },
  {
    "id": 61,
    "firstName": "Alejandra",
    "lastName": "Aldric",
    "age": 78
  },
  {
    "id": 62,
    "firstName": "Ana",
    "lastName": "Zetta",
    "age": 42
  },
  {
    "id": 63,
    "firstName": "Sallie",
    "lastName": "Woodberry",
    "age": 62
  },
  {
    "id": 64,
    "firstName": "Gratia",
    "lastName": "Skell",
    "age": 93
  },
  {
    "id": 65,
    "firstName": "Ninnetta",
    "lastName": "Ader",
    "age": 39
  },
  {
    "id": 66,
    "firstName": "Stephanie",
    "lastName": "Ariella",
    "age": 21
  },
  {
    "id": 67,
    "firstName": "Glenda",
    "lastName": "Georas",
    "age": 83
  },
  {
    "id": 68,
    "firstName": "Cyndie",
    "lastName": "Ellerey",
    "age": 31
  },
  {
    "id": 69,
    "firstName": "Candy",
    "lastName": "Zrike",
    "age": 40
  },
  {
    "id": 70,
    "firstName": "Karina",
    "lastName": "Read",
    "age": 83
  },
  {
    "id": 71,
    "firstName": "Etta",
    "lastName": "Wesle",
    "age": 57
  },
  {
    "id": 72,
    "firstName": "Flory",
    "lastName": "Koehler",
    "age": 76
  },
  {
    "id": 73,
    "firstName": "Fredericka",
    "lastName": "Chobot",
    "age": 91
  },
  {
    "id": 74,
    "firstName": "Deane",
    "lastName": "Naashom",
    "age": 82
  },
  {
    "id": 75,
    "firstName": "Carly",
    "lastName": "Center",
    "age": 57
  },
  {
    "id": 76,
    "firstName": "Xylina",
    "lastName": "Maurine",
    "age": 86
  },
  {
    "id": 77,
    "firstName": "Sashenka",
    "lastName": "Cosenza",
    "age": 35
  },
  {
    "id": 78,
    "firstName": "Meghann",
    "lastName": "Dom",
    "age": 69
  },
  {
    "id": 79,
    "firstName": "Aigneis",
    "lastName": "Mehalek",
    "age": 19
  },
  {
    "id": 80,
    "firstName": "Margarette",
    "lastName": "Gwenore",
    "age": 94
  },
  {
    "id": 81,
    "firstName": "Winifred",
    "lastName": "Georgy",
    "age": 18
  },
  {
    "id": 82,
    "firstName": "Calla",
    "lastName": "Carlson",
    "age": 86
  },
  {
    "id": 83,
    "firstName": "Tracey",
    "lastName": "Nelsen",
    "age": 46
  },
  {
    "id": 84,
    "firstName": "Dacia",
    "lastName": "Rustice",
    "age": 40
  },
  {
    "id": 85,
    "firstName": "Trixi",
    "lastName": "Septima",
    "age": 64
  },
  {
    "id": 86,
    "firstName": "Merry",
    "lastName": "Lynn",
    "age": 93
  },
  {
    "id": 87,
    "firstName": "Robbi",
    "lastName": "Travax",
    "age": 29
  },
  {
    "id": 88,
    "firstName": "Almeta",
    "lastName": "Tayib",
    "age": 70
  },
  {
    "id": 89,
    "firstName": "Esmeralda",
    "lastName": "Giff",
    "age": 35
  },
  {
    "id": 90,
    "firstName": "Mildrid",
    "lastName": "Ingra",
    "age": 97
  },
  {
    "id": 91,
    "firstName": "Kial",
    "lastName": "Iaverne",
    "age": 21
  },
  {
    "id": 92,
    "firstName": "Inga",
    "lastName": "Philoo",
    "age": 46
  },
  {
    "id": 93,
    "firstName": "Dagmar",
    "lastName": "Bennie",
    "age": 27
  },
  {
    "id": 94,
    "firstName": "Jackie",
    "lastName": "Chrystel",
    "age": 82
  },
  {
    "id": 95,
    "firstName": "Sonni",
    "lastName": "Margarete",
    "age": 18
  },
  {
    "id": 96,
    "firstName": "Celisse",
    "lastName": "Tiffa",
    "age": 76
  },
  {
    "id": 97,
    "firstName": "Leeanne",
    "lastName": "Tippets",
    "age": 39
  },
  {
    "id": 98,
    "firstName": "Adriana",
    "lastName": "Adamsen",
    "age": 96
  },
  {
    "id": 99,
    "firstName": "Kaja",
    "lastName": "Wiener",
    "age": 21
  },
  {
    "id": 100,
    "firstName": "Corene",
    "lastName": "Rheingold",
    "age": 92
  },
  {
    "id": 101,
    "firstName": "Ebonee",
    "lastName": "Carolin",
    "age": 45
  },
  {
    "id": 102,
    "firstName": "Bibby",
    "lastName": "Monk",
    "age": 35
  },
  {
    "id": 103,
    "firstName": "Ilse",
    "lastName": "Ortrude",
    "age": 43
  },
  {
    "id": 104,
    "firstName": "Gilligan",
    "lastName": "Phi",
    "age": 81
  },
  {
    "id": 105,
    "firstName": "Iseabal",
    "lastName": "Fairweather",
    "age": 54
  },
  {
    "id": 106,
    "firstName": "Sam",
    "lastName": "Pearse",
    "age": 89
  },
  {
    "id": 107,
    "firstName": "Sandie",
    "lastName": "Ephrem",
    "age": 96
  },
  {
    "id": 108,
    "firstName": "Jobi",
    "lastName": "Ax",
    "age": 64
  },
  {
    "id": 109,
    "firstName": "Lila",
    "lastName": "Lacombe",
    "age": 40
  },
  {
    "id": 110,
    "firstName": "Mathilda",
    "lastName": "McCutcheon",
    "age": 52
  },
  {
    "id": 111,
    "firstName": "Shaylyn",
    "lastName": "Goldina",
    "age": 91
  },
  {
    "id": 112,
    "firstName": "Kirstin",
    "lastName": "Schroth",
    "age": 37
  },
  {
    "id": 113,
    "firstName": "Joane",
    "lastName": "Gillan",
    "age": 96
  },
  {
    "id": 114,
    "firstName": "Heddie",
    "lastName": "Joli",
    "age": 76
  },
  {
    "id": 115,
    "firstName": "Dennie",
    "lastName": "Morehouse",
    "age": 25
  },
  {
    "id": 116,
    "firstName": "Bernardine",
    "lastName": "Lowry",
    "age": 32
  },
  {
    "id": 117,
    "firstName": "Celestyna",
    "lastName": "Nore",
    "age": 54
  },
  {
    "id": 118,
    "firstName": "Odessa",
    "lastName": "Rossner",
    "age": 52
  },
  {
    "id": 119,
    "firstName": "Korrie",
    "lastName": "Elephus",
    "age": 24
  },
  {
    "id": 120,
    "firstName": "Bertine",
    "lastName": "Goddard",
    "age": 64
  },
  {
    "id": 121,
    "firstName": "Nikki",
    "lastName": "Dunkin",
    "age": 29
  },
  {
    "id": 122,
    "firstName": "Amara",
    "lastName": "Hanshaw",
    "age": 20
  },
  {
    "id": 123,
    "firstName": "Deloria",
    "lastName": "Loleta",
    "age": 62
  },
  {
    "id": 124,
    "firstName": "Edee",
    "lastName": "Concha",
    "age": 28
  },
  {
    "id": 125,
    "firstName": "Modestia",
    "lastName": "Ajay",
    "age": 31
  },
  {
    "id": 126,
    "firstName": "Bobinette",
    "lastName": "Holtz",
    "age": 30
  },
  {
    "id": 127,
    "firstName": "Charlena",
    "lastName": "Syd",
    "age": 77
  },
  {
    "id": 128,
    "firstName": "Tatiania",
    "lastName": "Ball",
    "age": 95
  },
  {
    "id": 129,
    "firstName": "Mamie",
    "lastName": "Persse",
    "age": 26
  },
  {
    "id": 130,
    "firstName": "Fawne",
    "lastName": "Palocz",
    "age": 79
  },
  {
    "id": 131,
    "firstName": "Fina",
    "lastName": "Yuille",
    "age": 59
  },
  {
    "id": 132,
    "firstName": "Albertina",
    "lastName": "Erskine",
    "age": 67
  },
  {
    "id": 133,
    "firstName": "Susette",
    "lastName": "Cornelia",
    "age": 41
  },
  {
    "id": 134,
    "firstName": "Joelly",
    "lastName": "Berl",
    "age": 29
  },
  {
    "id": 135,
    "firstName": "Ofilia",
    "lastName": "Daveta",
    "age": 24
  },
  {
    "id": 136,
    "firstName": "Renae",
    "lastName": "Crudden",
    "age": 68
  },
  {
    "id": 137,
    "firstName": "Olivette",
    "lastName": "Old",
    "age": 76
  },
  {
    "id": 138,
    "firstName": "Rochette",
    "lastName": "Tengdin",
    "age": 80
  },
  {
    "id": 139,
    "firstName": "Cherilyn",
    "lastName": "Zitvaa",
    "age": 78
  },
  {
    "id": 140,
    "firstName": "Binny",
    "lastName": "Nerita",
    "age": 94
  },
  {
    "id": 141,
    "firstName": "Clarice",
    "lastName": "Loring",
    "age": 75
  },
  {
    "id": 142,
    "firstName": "Philis",
    "lastName": "Bord",
    "age": 76
  },
  {
    "id": 143,
    "firstName": "Leontine",
    "lastName": "Allare",
    "age": 49
  },
  {
    "id": 144,
    "firstName": "Chloris",
    "lastName": "Thad",
    "age": 18
  },
  {
    "id": 145,
    "firstName": "Lolita",
    "lastName": "August",
    "age": 24
  },
  {
    "id": 146,
    "firstName": "Larine",
    "lastName": "Haerr",
    "age": 28
  },
  {
    "id": 147,
    "firstName": "Drucie",
    "lastName": "Wyn",
    "age": 20
  },
  {
    "id": 148,
    "firstName": "Pamella",
    "lastName": "Eliathas",
    "age": 94
  },
  {
    "id": 149,
    "firstName": "Ira",
    "lastName": "Tice",
    "age": 73
  },
  {
    "id": 150,
    "firstName": "Diena",
    "lastName": "Nicoline",
    "age": 55
  },
  {
    "id": 151,
    "firstName": "Doro",
    "lastName": "Howlyn",
    "age": 92
  },
  {
    "id": 152,
    "firstName": "Wilma",
    "lastName": "Mintz",
    "age": 54
  },
  {
    "id": 153,
    "firstName": "Lorenza",
    "lastName": "Edison",
    "age": 62
  },
  {
    "id": 154,
    "firstName": "Queenie",
    "lastName": "Ilka",
    "age": 43
  },
  {
    "id": 155,
    "firstName": "Desirae",
    "lastName": "Gino",
    "age": 38
  },
  {
    "id": 156,
    "firstName": "Elfreda",
    "lastName": "Dermott",
    "age": 29
  },
  {
    "id": 157,
    "firstName": "Steffane",
    "lastName": "Ries",
    "age": 80
  },
  {
    "id": 158,
    "firstName": "Suzette",
    "lastName": "Munn",
    "age": 47
  },
  {
    "id": 159,
    "firstName": "Ariela",
    "lastName": "Belanger",
    "age": 29
  },
  {
    "id": 160,
    "firstName": "Sherrie",
    "lastName": "Garbe",
    "age": 50
  },
  {
    "id": 161,
    "firstName": "Cam",
    "lastName": "Merell",
    "age": 42
  },
  {
    "id": 162,
    "firstName": "Flo",
    "lastName": "Hepsibah",
    "age": 67
  },
  {
    "id": 163,
    "firstName": "Grier",
    "lastName": "Fry",
    "age": 97
  },
  {
    "id": 164,
    "firstName": "Annora",
    "lastName": "Shields",
    "age": 27
  },
  {
    "id": 165,
    "firstName": "Maryellen",
    "lastName": "Parette",
    "age": 57
  },
  {
    "id": 166,
    "firstName": "Di",
    "lastName": "Aloise",
    "age": 75
  },
  {
    "id": 167,
    "firstName": "Mignon",
    "lastName": "Scammon",
    "age": 28
  },
  {
    "id": 168,
    "firstName": "Kenna",
    "lastName": "Isacco",
    "age": 41
  },
  {
    "id": 169,
    "firstName": "Dorene",
    "lastName": "Kussell",
    "age": 59
  },
  {
    "id": 170,
    "firstName": "Petronia",
    "lastName": "Irmine",
    "age": 93
  },
  {
    "id": 171,
    "firstName": "Dominga",
    "lastName": "Teryn",
    "age": 71
  },
  {
    "id": 172,
    "firstName": "Theodora",
    "lastName": "Kamaria",
    "age": 21
  },
  {
    "id": 173,
    "firstName": "Dotty",
    "lastName": "Yorick",
    "age": 92
  },
  {
    "id": 174,
    "firstName": "Adele",
    "lastName": "Berriman",
    "age": 65
  },
  {
    "id": 175,
    "firstName": "Ethel",
    "lastName": "Astra",
    "age": 20
  },
  {
    "id": 176,
    "firstName": "Annecorinne",
    "lastName": "Oscar",
    "age": 36
  },
  {
    "id": 177,
    "firstName": "Aaren",
    "lastName": "Hewitt",
    "age": 82
  },
  {
    "id": 178,
    "firstName": "Estell",
    "lastName": "Berne",
    "age": 50
  },
  {
    "id": 179,
    "firstName": "Lenna",
    "lastName": "Glovsky",
    "age": 52
  },
  {
    "id": 180,
    "firstName": "Clary",
    "lastName": "Hull",
    "age": 99
  },
  {
    "id": 181,
    "firstName": "Ingrid",
    "lastName": "Felecia",
    "age": 45
  },
  {
    "id": 182,
    "firstName": "Randa",
    "lastName": "Wittie",
    "age": 65
  },
  {
    "id": 183,
    "firstName": "Katuscha",
    "lastName": "Iphlgenia",
    "age": 71
  },
  {
    "id": 184,
    "firstName": "Lanna",
    "lastName": "Bates",
    "age": 39
  },
  {
    "id": 185,
    "firstName": "Gertrud",
    "lastName": "Rogerio",
    "age": 45
  },
  {
    "id": 186,
    "firstName": "Selma",
    "lastName": "Carbo",
    "age": 63
  },
  {
    "id": 187,
    "firstName": "Evaleen",
    "lastName": "Oriana",
    "age": 35
  },
  {
    "id": 188,
    "firstName": "Nadine",
    "lastName": "Chaing",
    "age": 24
  },
  {
    "id": 189,
    "firstName": "Misha",
    "lastName": "Phaidra",
    "age": 41
  },
  {
    "id": 190,
    "firstName": "Coral",
    "lastName": "Linskey",
    "age": 20
  },
  {
    "id": 191,
    "firstName": "Krystle",
    "lastName": "Dahlia",
    "age": 71
  },
  {
    "id": 192,
    "firstName": "Mureil",
    "lastName": "Melan",
    "age": 35
  },
  {
    "id": 193,
    "firstName": "Madeleine",
    "lastName": "Pauly",
    "age": 55
  },
  {
    "id": 194,
    "firstName": "Konstance",
    "lastName": "Destinee",
    "age": 26
  },
  {
    "id": 195,
    "firstName": "Tierney",
    "lastName": "Mendez",
    "age": 33
  },
  {
    "id": 196,
    "firstName": "Chrystel",
    "lastName": "Malina",
    "age": 84
  },
  {
    "id": 197,
    "firstName": "Karly",
    "lastName": "Santoro",
    "age": 65
  },
  {
    "id": 198,
    "firstName": "Donnie",
    "lastName": "Toor",
    "age": 95
  },
  {
    "id": 199,
    "firstName": "Merci",
    "lastName": "Anderea",
    "age": 50
  },
  {
    "id": 200,
    "firstName": "Gaylene",
    "lastName": "Kosey",
    "age": 52
  },
  {
    "id": 201,
    "firstName": "Rosanne",
    "lastName": "Cadmar",
    "age": 71
  },
  {
    "id": 202,
    "firstName": "Annaliese",
    "lastName": "Marsden",
    "age": 61
  },
  {
    "id": 203,
    "firstName": "Clo",
    "lastName": "Ralfston",
    "age": 68
  },
  {
    "id": 204,
    "firstName": "Kore",
    "lastName": "Luhe",
    "age": 36
  },
  {
    "id": 205,
    "firstName": "Cyb",
    "lastName": "Miru",
    "age": 22
  },
  {
    "id": 206,
    "firstName": "Aryn",
    "lastName": "Mauer",
    "age": 24
  },
  {
    "id": 207,
    "firstName": "Anica",
    "lastName": "Lorenz",
    "age": 46
  },
  {
    "id": 208,
    "firstName": "Dale",
    "lastName": "Douglass",
    "age": 41
  },
  {
    "id": 209,
    "firstName": "Kelly",
    "lastName": "Celestine",
    "age": 23
  },
  {
    "id": 210,
    "firstName": "Patricia",
    "lastName": "Vins",
    "age": 42
  },
  {
    "id": 211,
    "firstName": "Anestassia",
    "lastName": "Autrey",
    "age": 65
  },
  {
    "id": 212,
    "firstName": "Adore",
    "lastName": "Taam",
    "age": 73
  },
  {
    "id": 213,
    "firstName": "Sidoney",
    "lastName": "Norvol",
    "age": 41
  },
  {
    "id": 214,
    "firstName": "Jemie",
    "lastName": "Tamsky",
    "age": 27
  },
  {
    "id": 215,
    "firstName": "Lanae",
    "lastName": "Pernick",
    "age": 51
  },
  {
    "id": 216,
    "firstName": "Maurene",
    "lastName": "Joseph",
    "age": 38
  },
  {
    "id": 217,
    "firstName": "Anallese",
    "lastName": "Annabella",
    "age": 61
  },
  {
    "id": 218,
    "firstName": "Vevay",
    "lastName": "Herrera",
    "age": 53
  },
  {
    "id": 219,
    "firstName": "Jessy",
    "lastName": "Atonsah",
    "age": 21
  },
  {
    "id": 220,
    "firstName": "Tiffie",
    "lastName": "Dorothy",
    "age": 94
  },
  {
    "id": 221,
    "firstName": "Andree",
    "lastName": "Lubin",
    "age": 33
  },
  {
    "id": 222,
    "firstName": "Mary",
    "lastName": "Lory",
    "age": 51
  },
  {
    "id": 223,
    "firstName": "Luci",
    "lastName": "Kronfeld",
    "age": 74
  },
  {
    "id": 224,
    "firstName": "Frank",
    "lastName": "Cynar",
    "age": 63
  },
  {
    "id": 225,
    "firstName": "Gusella",
    "lastName": "Roxanna",
    "age": 62
  },
  {
    "id": 226,
    "firstName": "Melodie",
    "lastName": "Erb",
    "age": 49
  },
  {
    "id": 227,
    "firstName": "Silvana",
    "lastName": "Glenden",
    "age": 31
  },
  {
    "id": 228,
    "firstName": "Shannah",
    "lastName": "Ardra",
    "age": 84
  },
  {
    "id": 229,
    "firstName": "Catharine",
    "lastName": "Sadowski",
    "age": 97
  },
  {
    "id": 230,
    "firstName": "Stevana",
    "lastName": "Ricki",
    "age": 69
  },
  {
    "id": 231,
    "firstName": "Alleen",
    "lastName": "Lane",
    "age": 66
  },
  {
    "id": 232,
    "firstName": "Sophia",
    "lastName": "Brunell",
    "age": 92
  },
  {
    "id": 233,
    "firstName": "Josephine",
    "lastName": "Mott",
    "age": 19
  },
  {
    "id": 234,
    "firstName": "Janeczka",
    "lastName": "Cath",
    "age": 34
  },
  {
    "id": 235,
    "firstName": "Roxane",
    "lastName": "Danby",
    "age": 71
  },
  {
    "id": 236,
    "firstName": "Brena",
    "lastName": "Hutchison",
    "age": 89
  },
  {
    "id": 237,
    "firstName": "Jessamyn",
    "lastName": "Adalbert",
    "age": 23
  },
  {
    "id": 238,
    "firstName": "Susan",
    "lastName": "Desai",
    "age": 91
  },
  {
    "id": 239,
    "firstName": "Dawn",
    "lastName": "Helve",
    "age": 80
  },
  {
    "id": 240,
    "firstName": "Ileana",
    "lastName": "Matthew",
    "age": 70
  },
  {
    "id": 241,
    "firstName": "Gabi",
    "lastName": "Tound",
    "age": 92
  },
  {
    "id": 242,
    "firstName": "Julieta",
    "lastName": "Bibi",
    "age": 59
  },
  {
    "id": 243,
    "firstName": "Gianina",
    "lastName": "Dulciana",
    "age": 75
  },
  {
    "id": 244,
    "firstName": "Mallory",
    "lastName": "Ochs",
    "age": 95
  },
  {
    "id": 245,
    "firstName": "Joy",
    "lastName": "Ciapas",
    "age": 63
  },
  {
    "id": 246,
    "firstName": "Christal",
    "lastName": "Nunci",
    "age": 45
  },
  {
    "id": 247,
    "firstName": "Johna",
    "lastName": "Baptlsta",
    "age": 19
  },
  {
    "id": 248,
    "firstName": "Lucy",
    "lastName": "Ehrman",
    "age": 94
  },
  {
    "id": 249,
    "firstName": "Concettina",
    "lastName": "Bahr",
    "age": 31
  },
  {
    "id": 250,
    "firstName": "Annabela",
    "lastName": "Kunin",
    "age": 23
  },
  {
    "id": 251,
    "firstName": "Cathie",
    "lastName": "Alcott",
    "age": 43
  },
  {
    "id": 252,
    "firstName": "Ekaterina",
    "lastName": "Havens",
    "age": 82
  },
  {
    "id": 253,
    "firstName": "Marcelline",
    "lastName": "Llovera",
    "age": 51
  },
  {
    "id": 254,
    "firstName": "Dode",
    "lastName": "Sinegold",
    "age": 28
  },
  {
    "id": 255,
    "firstName": "Oralee",
    "lastName": "Penelopa",
    "age": 87
  },
  {
    "id": 256,
    "firstName": "Briney",
    "lastName": "Hessler",
    "age": 44
  },
  {
    "id": 257,
    "firstName": "Nananne",
    "lastName": "Himelman",
    "age": 84
  },
  {
    "id": 258,
    "firstName": "Lily",
    "lastName": "Secrest",
    "age": 40
  },
  {
    "id": 259,
    "firstName": "Tressa",
    "lastName": "Poll",
    "age": 36
  },
  {
    "id": 260,
    "firstName": "Mireielle",
    "lastName": "Liebermann",
    "age": 96
  },
  {
    "id": 261,
    "firstName": "Kylynn",
    "lastName": "Corabella",
    "age": 70
  },
  {
    "id": 262,
    "firstName": "Jinny",
    "lastName": "Beniamino",
    "age": 88
  },
  {
    "id": 263,
    "firstName": "Kerrin",
    "lastName": "Trace",
    "age": 38
  },
  {
    "id": 264,
    "firstName": "Stacey",
    "lastName": "Peg",
    "age": 48
  },
  {
    "id": 265,
    "firstName": "Zsa Zsa",
    "lastName": "Bashemeth",
    "age": 33
  },
  {
    "id": 266,
    "firstName": "Wanda",
    "lastName": "Wooster",
    "age": 43
  },
  {
    "id": 267,
    "firstName": "Dulcinea",
    "lastName": "Bow",
    "age": 78
  },
  {
    "id": 268,
    "firstName": "Kalina",
    "lastName": "Wenoa",
    "age": 77
  },
  {
    "id": 269,
    "firstName": "Belinda",
    "lastName": "Lumbard",
    "age": 63
  },
  {
    "id": 270,
    "firstName": "Ericka",
    "lastName": "Kristi",
    "age": 43
  },
  {
    "id": 271,
    "firstName": "Winny",
    "lastName": "Goerke",
    "age": 96
  },
  {
    "id": 272,
    "firstName": "Ottilie",
    "lastName": "Pattin",
    "age": 43
  },
  {
    "id": 273,
    "firstName": "Elise",
    "lastName": "Lewes",
    "age": 52
  },
  {
    "id": 274,
    "firstName": "Aurore",
    "lastName": "Bergman",
    "age": 29
  },
  {
    "id": 275,
    "firstName": "Harmonia",
    "lastName": "Kolnick",
    "age": 51
  },
  {
    "id": 276,
    "firstName": "Kellen",
    "lastName": "Dawkins",
    "age": 68
  },
  {
    "id": 277,
    "firstName": "Reeba",
    "lastName": "Pond",
    "age": 35
  },
  {
    "id": 278,
    "firstName": "Jere",
    "lastName": "Timon",
    "age": 85
  },
  {
    "id": 279,
    "firstName": "Gisela",
    "lastName": "Darbie",
    "age": 78
  },
  {
    "id": 280,
    "firstName": "Chandra",
    "lastName": "Nahum",
    "age": 53
  },
  {
    "id": 281,
    "firstName": "Clementine",
    "lastName": "Adrienne",
    "age": 30
  },
  {
    "id": 282,
    "firstName": "Blinni",
    "lastName": "Kelula",
    "age": 56
  },
  {
    "id": 283,
    "firstName": "Orsola",
    "lastName": "Bouchard",
    "age": 32
  },
  {
    "id": 284,
    "firstName": "Kirbee",
    "lastName": "Stoller",
    "age": 96
  },
  {
    "id": 285,
    "firstName": "Claudina",
    "lastName": "Podvin",
    "age": 96
  },
  {
    "id": 286,
    "firstName": "Margette",
    "lastName": "Swanhildas",
    "age": 54
  },
  {
    "id": 287,
    "firstName": "Robinia",
    "lastName": "Velick",
    "age": 71
  },
  {
    "id": 288,
    "firstName": "Kimberley",
    "lastName": "Hilbert",
    "age": 85
  },
  {
    "id": 289,
    "firstName": "Harrietta",
    "lastName": "Fink",
    "age": 95
  },
  {
    "id": 290,
    "firstName": "Carlie",
    "lastName": "Ledah",
    "age": 65
  },
  {
    "id": 291,
    "firstName": "Marinna",
    "lastName": "Eben",
    "age": 87
  },
  {
    "id": 292,
    "firstName": "Orelia",
    "lastName": "Jacobah",
    "age": 86
  },
  {
    "id": 293,
    "firstName": "Lynde",
    "lastName": "Goode",
    "age": 19
  },
  {
    "id": 294,
    "firstName": "Beatriz",
    "lastName": "McClimans",
    "age": 62
  },
  {
    "id": 295,
    "firstName": "Belva",
    "lastName": "Nikaniki",
    "age": 52
  },
  {
    "id": 296,
    "firstName": "Myrtice",
    "lastName": "Sheedy",
    "age": 63
  },
  {
    "id": 297,
    "firstName": "Bobbi",
    "lastName": "Ophelia",
    "age": 23
  },
  {
    "id": 298,
    "firstName": "Imojean",
    "lastName": "Ogren",
    "age": 94
  },
  {
    "id": 299,
    "firstName": "Mahalia",
    "lastName": "Kannry",
    "age": 66
  },
  {
    "id": 300,
    "firstName": "Maud",
    "lastName": "Friede",
    "age": 85
  },
  {
    "id": 301,
    "firstName": "Allyce",
    "lastName": "Adore",
    "age": 44
  },
  {
    "id": 302,
    "firstName": "Dulce",
    "lastName": "Drisko",
    "age": 99
  },
  {
    "id": 303,
    "firstName": "Dede",
    "lastName": "Dalli",
    "age": 78
  },
  {
    "id": 304,
    "firstName": "Millie",
    "lastName": "Tannie",
    "age": 50
  },
  {
    "id": 305,
    "firstName": "Emmey",
    "lastName": "Abernon",
    "age": 27
  },
  {
    "id": 306,
    "firstName": "Pearline",
    "lastName": "Killigrew",
    "age": 82
  },
  {
    "id": 307,
    "firstName": "Riannon",
    "lastName": "Shirberg",
    "age": 52
  },
  {
    "id": 308,
    "firstName": "Norine",
    "lastName": "Sibyls",
    "age": 29
  },
  {
    "id": 309,
    "firstName": "Jsandye",
    "lastName": "Flyn",
    "age": 66
  },
  {
    "id": 310,
    "firstName": "Mellicent",
    "lastName": "Rhu",
    "age": 85
  },
  {
    "id": 311,
    "firstName": "Deedee",
    "lastName": "Jeanne",
    "age": 81
  },
  {
    "id": 312,
    "firstName": "Penelopa",
    "lastName": "McNully",
    "age": 71
  },
  {
    "id": 313,
    "firstName": "Blake",
    "lastName": "Quinn",
    "age": 63
  },
  {
    "id": 314,
    "firstName": "Cecile",
    "lastName": "Knowling",
    "age": 25
  },
  {
    "id": 315,
    "firstName": "Caressa",
    "lastName": "Tufts",
    "age": 49
  },
  {
    "id": 316,
    "firstName": "Hayley",
    "lastName": "Donoghue",
    "age": 33
  },
  {
    "id": 317,
    "firstName": "Wynne",
    "lastName": "Sacken",
    "age": 52
  },
  {
    "id": 318,
    "firstName": "Jillayne",
    "lastName": "Plato",
    "age": 90
  },
  {
    "id": 319,
    "firstName": "Consuela",
    "lastName": "Klemperer",
    "age": 28
  },
  {
    "id": 320,
    "firstName": "Lita",
    "lastName": "Martguerita",
    "age": 49
  },
  {
    "id": 321,
    "firstName": "Kristan",
    "lastName": "Rooney",
    "age": 53
  },
  {
    "id": 322,
    "firstName": "Celene",
    "lastName": "Boycey",
    "age": 59
  },
  {
    "id": 323,
    "firstName": "Maye",
    "lastName": "Stelle",
    "age": 45
  },
  {
    "id": 324,
    "firstName": "Ursulina",
    "lastName": "Neils",
    "age": 39
  },
  {
    "id": 325,
    "firstName": "Alie",
    "lastName": "Sallyann",
    "age": 43
  },
  {
    "id": 326,
    "firstName": "Shaine",
    "lastName": "Weinreb",
    "age": 75
  },
  {
    "id": 327,
    "firstName": "Marika",
    "lastName": "Japeth",
    "age": 96
  },
  {
    "id": 328,
    "firstName": "Cristine",
    "lastName": "Goth",
    "age": 97
  },
  {
    "id": 329,
    "firstName": "Linzy",
    "lastName": "Bury",
    "age": 33
  },
  {
    "id": 330,
    "firstName": "Malina",
    "lastName": "Milde",
    "age": 63
  },
  {
    "id": 331,
    "firstName": "Sean",
    "lastName": "Gower",
    "age": 41
  },
  {
    "id": 332,
    "firstName": "Gilda",
    "lastName": "Lissi",
    "age": 50
  },
  {
    "id": 333,
    "firstName": "Rayna",
    "lastName": "Dorcy",
    "age": 79
  },
  {
    "id": 334,
    "firstName": "Joleen",
    "lastName": "Marden",
    "age": 75
  },
  {
    "id": 335,
    "firstName": "Nollie",
    "lastName": "Brandice",
    "age": 58
  },
  {
    "id": 336,
    "firstName": "Evita",
    "lastName": "Rugen",
    "age": 54
  },
  {
    "id": 337,
    "firstName": "Alisha",
    "lastName": "Ezar",
    "age": 20
  },
  {
    "id": 338,
    "firstName": "Alia",
    "lastName": "Rona",
    "age": 74
  },
  {
    "id": 339,
    "firstName": "Sabina",
    "lastName": "Saree",
    "age": 68
  },
  {
    "id": 340,
    "firstName": "Monika",
    "lastName": "Selway",
    "age": 28
  },
  {
    "id": 341,
    "firstName": "Agnese",
    "lastName": "Kat",
    "age": 55
  },
  {
    "id": 342,
    "firstName": "Olwen",
    "lastName": "An",
    "age": 51
  },
  {
    "id": 343,
    "firstName": "Marti",
    "lastName": "Arvo",
    "age": 23
  },
  {
    "id": 344,
    "firstName": "Lorne",
    "lastName": "Mata",
    "age": 93
  },
  {
    "id": 345,
    "firstName": "Gloria",
    "lastName": "Hashim",
    "age": 24
  },
  {
    "id": 346,
    "firstName": "Emilia",
    "lastName": "Anselmi",
    "age": 54
  },
  {
    "id": 347,
    "firstName": "Barbi",
    "lastName": "Magnolia",
    "age": 83
  },
  {
    "id": 348,
    "firstName": "Mady",
    "lastName": "Federica",
    "age": 76
  },
  {
    "id": 349,
    "firstName": "Aurelie",
    "lastName": "Jacinda",
    "age": 45
  },
  {
    "id": 350,
    "firstName": "Jacenta",
    "lastName": "Reinke",
    "age": 55
  },
  {
    "id": 351,
    "firstName": "Marnia",
    "lastName": "Lattie",
    "age": 92
  },
  {
    "id": 352,
    "firstName": "Regina",
    "lastName": "Vittoria",
    "age": 90
  },
  {
    "id": 353,
    "firstName": "Lonnie",
    "lastName": "Cassius",
    "age": 24
  },
  {
    "id": 354,
    "firstName": "Eadie",
    "lastName": "Waite",
    "age": 31
  },
  {
    "id": 355,
    "firstName": "Roberta",
    "lastName": "Mullane",
    "age": 23
  },
  {
    "id": 356,
    "firstName": "Dorthy",
    "lastName": "Smitt",
    "age": 79
  },
  {
    "id": 357,
    "firstName": "Candi",
    "lastName": "Kiyoshi",
    "age": 60
  },
  {
    "id": 358,
    "firstName": "Kathi",
    "lastName": "Romelda",
    "age": 22
  },
  {
    "id": 359,
    "firstName": "Sheree",
    "lastName": "Guildroy",
    "age": 59
  },
  {
    "id": 360,
    "firstName": "Ricky",
    "lastName": "Means",
    "age": 42
  },
  {
    "id": 361,
    "firstName": "Debee",
    "lastName": "Levey",
    "age": 96
  },
  {
    "id": 362,
    "firstName": "Margalo",
    "lastName": "Lytton",
    "age": 84
  },
  {
    "id": 363,
    "firstName": "Bee",
    "lastName": "Blase",
    "age": 18
  },
  {
    "id": 364,
    "firstName": "Emma",
    "lastName": "Freddi",
    "age": 99
  },
  {
    "id": 365,
    "firstName": "Rori",
    "lastName": "Stanwood",
    "age": 70
  },
  {
    "id": 366,
    "firstName": "Alex",
    "lastName": "Lasley",
    "age": 54
  },
  {
    "id": 367,
    "firstName": "Yolane",
    "lastName": "Salvidor",
    "age": 73
  },
  {
    "id": 368,
    "firstName": "Nariko",
    "lastName": "Faro",
    "age": 88
  },
  {
    "id": 369,
    "firstName": "Frances",
    "lastName": "Melony",
    "age": 22
  },
  {
    "id": 370,
    "firstName": "Edith",
    "lastName": "Ludewig",
    "age": 69
  },
  {
    "id": 371,
    "firstName": "Kary",
    "lastName": "Wattenberg",
    "age": 88
  },
  {
    "id": 372,
    "firstName": "Vita",
    "lastName": "Joeann",
    "age": 64
  },
  {
    "id": 373,
    "firstName": "Tobe",
    "lastName": "Morgun",
    "age": 22
  },
  {
    "id": 374,
    "firstName": "Eve",
    "lastName": "Amand",
    "age": 65
  },
  {
    "id": 375,
    "firstName": "Ezmeralda",
    "lastName": "Huggins",
    "age": 90
  },
  {
    "id": 376,
    "firstName": "Britni",
    "lastName": "Karna",
    "age": 92
  },
  {
    "id": 377,
    "firstName": "Sheelagh",
    "lastName": "Orlene",
    "age": 23
  },
  {
    "id": 378,
    "firstName": "Vanessa",
    "lastName": "Constancy",
    "age": 47
  },
  {
    "id": 379,
    "firstName": "Tani",
    "lastName": "Paton",
    "age": 94
  },
  {
    "id": 380,
    "firstName": "Trudie",
    "lastName": "Chinua",
    "age": 57
  },
  {
    "id": 381,
    "firstName": "Cherrita",
    "lastName": "Darian",
    "age": 58
  },
  {
    "id": 382,
    "firstName": "Madelle",
    "lastName": "Chauncey",
    "age": 88
  },
  {
    "id": 383,
    "firstName": "Ashlee",
    "lastName": "Vale",
    "age": 82
  },
  {
    "id": 384,
    "firstName": "Tomasina",
    "lastName": "Sigfrid",
    "age": 89
  },
  {
    "id": 385,
    "firstName": "Wileen",
    "lastName": "Maroney",
    "age": 60
  },
  {
    "id": 386,
    "firstName": "June",
    "lastName": "Bollay",
    "age": 30
  },
  {
    "id": 387,
    "firstName": "Dorice",
    "lastName": "Stephie",
    "age": 47
  },
  {
    "id": 388,
    "firstName": "Hildegaard",
    "lastName": "Weaks",
    "age": 70
  },
  {
    "id": 389,
    "firstName": "Lory",
    "lastName": "Masao",
    "age": 92
  },
  {
    "id": 390,
    "firstName": "Basia",
    "lastName": "Reneta",
    "age": 67
  },
  {
    "id": 391,
    "firstName": "Arabel",
    "lastName": "Gunn",
    "age": 94
  },
  {
    "id": 392,
    "firstName": "Beverley",
    "lastName": "Mandler",
    "age": 60
  },
  {
    "id": 393,
    "firstName": "Rani",
    "lastName": "Bivins",
    "age": 48
  },
  {
    "id": 394,
    "firstName": "Alexine",
    "lastName": "Ellord",
    "age": 98
  },
  {
    "id": 395,
    "firstName": "Louella",
    "lastName": "Robertson",
    "age": 59
  },
  {
    "id": 396,
    "firstName": "Katleen",
    "lastName": "Tryck",
    "age": 58
  },
  {
    "id": 397,
    "firstName": "Janis",
    "lastName": "Natica",
    "age": 18
  },
  {
    "id": 398,
    "firstName": "Maisey",
    "lastName": "Amadas",
    "age": 21
  },
  {
    "id": 399,
    "firstName": "Ayn",
    "lastName": "Schenck",
    "age": 66
  },
  {
    "id": 400,
    "firstName": "Cassandra",
    "lastName": "Suanne",
    "age": 51
  },
  {
    "id": 401,
    "firstName": "Codie",
    "lastName": "Alfons",
    "age": 21
  },
  {
    "id": 402,
    "firstName": "Janenna",
    "lastName": "Lipson",
    "age": 83
  },
  {
    "id": 403,
    "firstName": "Roz",
    "lastName": "Yusuk",
    "age": 30
  },
  {
    "id": 404,
    "firstName": "Dorothy",
    "lastName": "Daniele",
    "age": 83
  },
  {
    "id": 405,
    "firstName": "Asia",
    "lastName": "Juan",
    "age": 47
  },
  {
    "id": 406,
    "firstName": "Jasmina",
    "lastName": "Schlosser",
    "age": 58
  },
  {
    "id": 407,
    "firstName": "Elie",
    "lastName": "Wareing",
    "age": 44
  },
  {
    "id": 408,
    "firstName": "Hollie",
    "lastName": "Verger",
    "age": 64
  },
  {
    "id": 409,
    "firstName": "Darlleen",
    "lastName": "Kare",
    "age": 27
  },
  {
    "id": 410,
    "firstName": "Lorie",
    "lastName": "Reidar",
    "age": 42
  },
  {
    "id": 411,
    "firstName": "Kaia",
    "lastName": "Helfand",
    "age": 44
  },
  {
    "id": 412,
    "firstName": "Edyth",
    "lastName": "Kress",
    "age": 74
  },
  {
    "id": 413,
    "firstName": "Britte",
    "lastName": "Alva",
    "age": 70
  },
  {
    "id": 414,
    "firstName": "Corry",
    "lastName": "Ivens",
    "age": 91
  },
  {
    "id": 415,
    "firstName": "Benita",
    "lastName": "Tjon",
    "age": 25
  },
  {
    "id": 416,
    "firstName": "Cindelyn",
    "lastName": "Vanni",
    "age": 50
  },
  {
    "id": 417,
    "firstName": "Shel",
    "lastName": "Gordon",
    "age": 25
  },
  {
    "id": 418,
    "firstName": "Lisette",
    "lastName": "Arne",
    "age": 52
  },
  {
    "id": 419,
    "firstName": "Nelle",
    "lastName": "Erich",
    "age": 70
  },
  {
    "id": 420,
    "firstName": "Jenda",
    "lastName": "Blake",
    "age": 59
  },
  {
    "id": 421,
    "firstName": "Lelah",
    "lastName": "Cloris",
    "age": 39
  },
  {
    "id": 422,
    "firstName": "Oona",
    "lastName": "Atcliffe",
    "age": 76
  },
  {
    "id": 423,
    "firstName": "Antonietta",
    "lastName": "Riva",
    "age": 54
  },
  {
    "id": 424,
    "firstName": "Merrie",
    "lastName": "Diogenes",
    "age": 79
  },
  {
    "id": 425,
    "firstName": "Ronna",
    "lastName": "Delp",
    "age": 76
  },
  {
    "id": 426,
    "firstName": "Kathy",
    "lastName": "Roarke",
    "age": 55
  },
  {
    "id": 427,
    "firstName": "Karena",
    "lastName": "Tristram",
    "age": 80
  },
  {
    "id": 428,
    "firstName": "Deirdre",
    "lastName": "Monaco",
    "age": 32
  },
  {
    "id": 429,
    "firstName": "Chickie",
    "lastName": "Weide",
    "age": 28
  },
  {
    "id": 430,
    "firstName": "Sindee",
    "lastName": "Uund",
    "age": 88
  },
  {
    "id": 431,
    "firstName": "Molli",
    "lastName": "Niles",
    "age": 71
  },
  {
    "id": 432,
    "firstName": "Valeda",
    "lastName": "Odell",
    "age": 48
  },
  {
    "id": 433,
    "firstName": "Brynna",
    "lastName": "Hurley",
    "age": 20
  },
  {
    "id": 434,
    "firstName": "Justinn",
    "lastName": "Faso",
    "age": 40
  },
  {
    "id": 435,
    "firstName": "Hettie",
    "lastName": "Sperling",
    "age": 57
  },
  {
    "id": 436,
    "firstName": "Quintina",
    "lastName": "Israeli",
    "age": 43
  },
  {
    "id": 437,
    "firstName": "Addia",
    "lastName": "Clara",
    "age": 76
  },
  {
    "id": 438,
    "firstName": "Daphne",
    "lastName": "Sancho",
    "age": 54
  },
  {
    "id": 439,
    "firstName": "Starla",
    "lastName": "Halla",
    "age": 20
  },
  {
    "id": 440,
    "firstName": "Marjie",
    "lastName": "Thema",
    "age": 26
  },
  {
    "id": 441,
    "firstName": "Mariele",
    "lastName": "Grayce",
    "age": 25
  },
  {
    "id": 442,
    "firstName": "Nickie",
    "lastName": "Evvie",
    "age": 98
  },
  {
    "id": 443,
    "firstName": "Myriam",
    "lastName": "Shaddock",
    "age": 53
  },
  {
    "id": 444,
    "firstName": "Paulita",
    "lastName": "Cleavland",
    "age": 64
  },
  {
    "id": 445,
    "firstName": "Yvonne",
    "lastName": "Joni",
    "age": 70
  },
  {
    "id": 446,
    "firstName": "Therine",
    "lastName": "Sheng",
    "age": 80
  },
  {
    "id": 447,
    "firstName": "Arlina",
    "lastName": "Izaak",
    "age": 96
  },
  {
    "id": 448,
    "firstName": "Helena",
    "lastName": "Pandolfi",
    "age": 45
  },
  {
    "id": 449,
    "firstName": "Constance",
    "lastName": "Naor",
    "age": 30
  },
  {
    "id": 450,
    "firstName": "Tabbatha",
    "lastName": "Teddman",
    "age": 63
  },
  {
    "id": 451,
    "firstName": "Willetta",
    "lastName": "Joachim",
    "age": 62
  },
  {
    "id": 452,
    "firstName": "Feliza",
    "lastName": "Rebecka",
    "age": 57
  },
  {
    "id": 453,
    "firstName": "Brianna",
    "lastName": "Hubert",
    "age": 72
  },
  {
    "id": 454,
    "firstName": "Jerry",
    "lastName": "Ethban",
    "age": 37
  },
  {
    "id": 455,
    "firstName": "Meg",
    "lastName": "Krystle",
    "age": 33
  },
  {
    "id": 456,
    "firstName": "Valli",
    "lastName": "Vary",
    "age": 68
  },
  {
    "id": 457,
    "firstName": "Donetta",
    "lastName": "Maiah",
    "age": 32
  },
  {
    "id": 458,
    "firstName": "Nannie",
    "lastName": "Berard",
    "age": 49
  },
  {
    "id": 459,
    "firstName": "Georgetta",
    "lastName": "Leonard",
    "age": 89
  },
  {
    "id": 460,
    "firstName": "Hyacinthe",
    "lastName": "Ricarda",
    "age": 78
  },
  {
    "id": 461,
    "firstName": "Jaclyn",
    "lastName": "Cherianne",
    "age": 85
  },
  {
    "id": 462,
    "firstName": "Gerrie",
    "lastName": "Latini",
    "age": 98
  },
  {
    "id": 463,
    "firstName": "Adelle",
    "lastName": "Halsey",
    "age": 98
  },
  {
    "id": 464,
    "firstName": "Genevra",
    "lastName": "Toni",
    "age": 49
  },
  {
    "id": 465,
    "firstName": "Caryl",
    "lastName": "Bartlett",
    "age": 20
  },
  {
    "id": 466,
    "firstName": "Merle",
    "lastName": "Marlie",
    "age": 27
  },
  {
    "id": 467,
    "firstName": "Sara-Ann",
    "lastName": "Laurianne",
    "age": 58
  },
  {
    "id": 468,
    "firstName": "Shirlee",
    "lastName": "Gilmour",
    "age": 67
  },
  {
    "id": 469,
    "firstName": "Jolyn",
    "lastName": "Jillane",
    "age": 85
  },
  {
    "id": 470,
    "firstName": "Goldie",
    "lastName": "Toffic",
    "age": 53
  },
  {
    "id": 471,
    "firstName": "Lizzie",
    "lastName": "Sparhawk",
    "age": 96
  },
  {
    "id": 472,
    "firstName": "Felice",
    "lastName": "Armanda",
    "age": 82
  },
  {
    "id": 473,
    "firstName": "Paola",
    "lastName": "Larochelle",
    "age": 74
  },
  {
    "id": 474,
    "firstName": "Lauryn",
    "lastName": "Ade",
    "age": 72
  },
  {
    "id": 475,
    "firstName": "Madalyn",
    "lastName": "Marijo",
    "age": 69
  },
  {
    "id": 476,
    "firstName": "Karolina",
    "lastName": "Audly",
    "age": 55
  },
  {
    "id": 477,
    "firstName": "Rosaline",
    "lastName": "Vacuva",
    "age": 33
  },
  {
    "id": 478,
    "firstName": "Shell",
    "lastName": "Greenwald",
    "age": 68
  },
  {
    "id": 479,
    "firstName": "Livvyy",
    "lastName": "Wolfgram",
    "age": 94
  },
  {
    "id": 480,
    "firstName": "Morganica",
    "lastName": "Susannah",
    "age": 32
  },
  {
    "id": 481,
    "firstName": "Betta",
    "lastName": "Rosalba",
    "age": 71
  },
  {
    "id": 482,
    "firstName": "Dione",
    "lastName": "Germann",
    "age": 40
  },
  {
    "id": 483,
    "firstName": "Roslyn",
    "lastName": "Carmena",
    "age": 95
  },
  {
    "id": 484,
    "firstName": "Max",
    "lastName": "Jammal",
    "age": 68
  },
  {
    "id": 485,
    "firstName": "Lynnea",
    "lastName": "Buckler",
    "age": 77
  },
  {
    "id": 486,
    "firstName": "Vere",
    "lastName": "Willie",
    "age": 65
  },
  {
    "id": 487,
    "firstName": "Melina",
    "lastName": "Hoenack",
    "age": 64
  },
  {
    "id": 488,
    "firstName": "Brietta",
    "lastName": "Ahab",
    "age": 52
  },
  {
    "id": 489,
    "firstName": "Elka",
    "lastName": "Vorster",
    "age": 25
  },
  {
    "id": 490,
    "firstName": "Linet",
    "lastName": "Marcellus",
    "age": 21
  },
  {
    "id": 491,
    "firstName": "Mariann",
    "lastName": "Maribeth",
    "age": 81
  },
  {
    "id": 492,
    "firstName": "Melisent",
    "lastName": "Craggie",
    "age": 93
  },
  {
    "id": 493,
    "firstName": "Tybie",
    "lastName": "Eiser",
    "age": 98
  },
  {
    "id": 494,
    "firstName": "Letizia",
    "lastName": "Jarib",
    "age": 64
  },
  {
    "id": 495,
    "firstName": "Brandise",
    "lastName": "Connelly",
    "age": 41
  },
  {
    "id": 496,
    "firstName": "Nita",
    "lastName": "Shanley",
    "age": 33
  },
  {
    "id": 497,
    "firstName": "Aeriela",
    "lastName": "Andrel",
    "age": 98
  },
  {
    "id": 498,
    "firstName": "Paule",
    "lastName": "Macey",
    "age": 73
  },
  {
    "id": 499,
    "firstName": "Tami",
    "lastName": "Baylor",
    "age": 37
  },
  {
    "id": 500,
    "firstName": "Agathe",
    "lastName": "Rolf",
    "age": 23
  },
  {
    "id": 501,
    "firstName": "Maridel",
    "lastName": "Lorain",
    "age": 80
  },
  {
    "id": 502,
    "firstName": "Priscilla",
    "lastName": "Obed",
    "age": 82
  },
  {
    "id": 503,
    "firstName": "Althea",
    "lastName": "Morrill",
    "age": 21
  },
  {
    "id": 504,
    "firstName": "Phedra",
    "lastName": "Garlinda",
    "age": 44
  },
  {
    "id": 505,
    "firstName": "Carolina",
    "lastName": "Dichy",
    "age": 61
  },
  {
    "id": 506,
    "firstName": "Tilly",
    "lastName": "Dudley",
    "age": 31
  },
  {
    "id": 507,
    "firstName": "Liana",
    "lastName": "Barrus",
    "age": 47
  },
  {
    "id": 508,
    "firstName": "Brooks",
    "lastName": "Even",
    "age": 31
  },
  {
    "id": 509,
    "firstName": "Ann-Marie",
    "lastName": "Brieta",
    "age": 22
  },
  {
    "id": 510,
    "firstName": "Hannis",
    "lastName": "Charmine",
    "age": 58
  },
  {
    "id": 511,
    "firstName": "Fanny",
    "lastName": "Chabot",
    "age": 54
  },
  {
    "id": 512,
    "firstName": "Darci",
    "lastName": "Niccolo",
    "age": 47
  },
  {
    "id": 513,
    "firstName": "Demetris",
    "lastName": "Kravits",
    "age": 83
  },
  {
    "id": 514,
    "firstName": "Dyann",
    "lastName": "Kazimir",
    "age": 92
  },
  {
    "id": 515,
    "firstName": "Selia",
    "lastName": "Aprile",
    "age": 63
  },
  {
    "id": 516,
    "firstName": "Nonnah",
    "lastName": "Johanna",
    "age": 90
  },
  {
    "id": 517,
    "firstName": "Aubrie",
    "lastName": "Cohdwell",
    "age": 80
  },
  {
    "id": 518,
    "firstName": "Marylou",
    "lastName": "Dominy",
    "age": 25
  },
  {
    "id": 519,
    "firstName": "Magdalena",
    "lastName": "Regan",
    "age": 93
  },
  {
    "id": 520,
    "firstName": "Rhoda",
    "lastName": "Juliet",
    "age": 31
  },
  {
    "id": 521,
    "firstName": "Kittie",
    "lastName": "Hourigan",
    "age": 82
  },
  {
    "id": 522,
    "firstName": "Arlena",
    "lastName": "Gombach",
    "age": 35
  },
  {
    "id": 523,
    "firstName": "Cristabel",
    "lastName": "Jobi",
    "age": 79
  },
  {
    "id": 524,
    "firstName": "Alameda",
    "lastName": "My",
    "age": 86
  },
  {
    "id": 525,
    "firstName": "Cassondra",
    "lastName": "Bettine",
    "age": 37
  },
  {
    "id": 526,
    "firstName": "Lindie",
    "lastName": "Libna",
    "age": 68
  },
  {
    "id": 527,
    "firstName": "Ketti",
    "lastName": "Rubie",
    "age": 87
  },
  {
    "id": 528,
    "firstName": "Marline",
    "lastName": "Peti",
    "age": 20
  },
  {
    "id": 529,
    "firstName": "Kara-Lynn",
    "lastName": "Land",
    "age": 54
  },
  {
    "id": 530,
    "firstName": "Fred",
    "lastName": "Lanita",
    "age": 50
  },
  {
    "id": 531,
    "firstName": "Chastity",
    "lastName": "Shuler",
    "age": 70
  },
  {
    "id": 532,
    "firstName": "Jaime",
    "lastName": "Emmaline",
    "age": 38
  },
  {
    "id": 533,
    "firstName": "Florie",
    "lastName": "Dyche",
    "age": 20
  },
  {
    "id": 534,
    "firstName": "Alyssa",
    "lastName": "Grimbly",
    "age": 88
  },
  {
    "id": 535,
    "firstName": "Dari",
    "lastName": "Bronk",
    "age": 44
  },
  {
    "id": 536,
    "firstName": "Rosene",
    "lastName": "Donell",
    "age": 34
  },
  {
    "id": 537,
    "firstName": "Marcy",
    "lastName": "Lilybelle",
    "age": 94
  },
  {
    "id": 538,
    "firstName": "Shandie",
    "lastName": "Gibbeon",
    "age": 24
  },
  {
    "id": 539,
    "firstName": "Jan",
    "lastName": "Westphal",
    "age": 46
  },
  {
    "id": 540,
    "firstName": "Eugine",
    "lastName": "Telfer",
    "age": 59
  },
  {
    "id": 541,
    "firstName": "Danny",
    "lastName": "Brittani",
    "age": 25
  },
  {
    "id": 542,
    "firstName": "Atlanta",
    "lastName": "Torray",
    "age": 42
  },
  {
    "id": 543,
    "firstName": "Charmaine",
    "lastName": "Sekofski",
    "age": 70
  },
  {
    "id": 544,
    "firstName": "Gusty",
    "lastName": "McGrody",
    "age": 69
  },
  {
    "id": 545,
    "firstName": "Lesly",
    "lastName": "Kathie",
    "age": 59
  },
  {
    "id": 546,
    "firstName": "Tonia",
    "lastName": "Serilda",
    "age": 75
  },
  {
    "id": 547,
    "firstName": "Ardeen",
    "lastName": "Erminia",
    "age": 70
  },
  {
    "id": 548,
    "firstName": "Sissy",
    "lastName": "Avi",
    "age": 80
  },
  {
    "id": 549,
    "firstName": "Brana",
    "lastName": "Hamil",
    "age": 96
  },
  {
    "id": 550,
    "firstName": "Latisha",
    "lastName": "Buffum",
    "age": 76
  },
  {
    "id": 551,
    "firstName": "Zondra",
    "lastName": "Sammons",
    "age": 31
  },
  {
    "id": 552,
    "firstName": "Eolanda",
    "lastName": "Fredi",
    "age": 51
  },
  {
    "id": 553,
    "firstName": "Hallie",
    "lastName": "Ovid",
    "age": 78
  },
  {
    "id": 554,
    "firstName": "Correy",
    "lastName": "Garek",
    "age": 81
  },
  {
    "id": 555,
    "firstName": "Audrie",
    "lastName": "Heidt",
    "age": 26
  },
  {
    "id": 556,
    "firstName": "Helsa",
    "lastName": "Rosemary",
    "age": 24
  },
  {
    "id": 557,
    "firstName": "Loree",
    "lastName": "Pacorro",
    "age": 47
  },
  {
    "id": 558,
    "firstName": "Thalia",
    "lastName": "Hachmin",
    "age": 89
  },
  {
    "id": 559,
    "firstName": "Kamilah",
    "lastName": "Sandye",
    "age": 64
  },
  {
    "id": 560,
    "firstName": "Kate",
    "lastName": "Jehu",
    "age": 59
  },
  {
    "id": 561,
    "firstName": "Jennica",
    "lastName": "Brian",
    "age": 31
  },
  {
    "id": 562,
    "firstName": "Cordi",
    "lastName": "Belldas",
    "age": 61
  },
  {
    "id": 563,
    "firstName": "Ginnie",
    "lastName": "Jenness",
    "age": 50
  },
  {
    "id": 564,
    "firstName": "Juliane",
    "lastName": "Carvey",
    "age": 67
  },
  {
    "id": 565,
    "firstName": "Fidelia",
    "lastName": "Gherardo",
    "age": 35
  },
  {
    "id": 566,
    "firstName": "Melanie",
    "lastName": "Wenda",
    "age": 51
  },
  {
    "id": 567,
    "firstName": "Elmira",
    "lastName": "Bryna",
    "age": 56
  },
  {
    "id": 568,
    "firstName": "Valera",
    "lastName": "Quent",
    "age": 88
  },
  {
    "id": 569,
    "firstName": "Ulrike",
    "lastName": "Philipp",
    "age": 18
  },
  {
    "id": 570,
    "firstName": "Elora",
    "lastName": "Estella",
    "age": 77
  },
  {
    "id": 571,
    "firstName": "Shauna",
    "lastName": "Lymann",
    "age": 98
  },
  {
    "id": 572,
    "firstName": "Natka",
    "lastName": "Kimmie",
    "age": 62
  },
  {
    "id": 573,
    "firstName": "Laure",
    "lastName": "Minetta",
    "age": 58
  },
  {
    "id": 574,
    "firstName": "Vonny",
    "lastName": "Moina",
    "age": 61
  },
  {
    "id": 575,
    "firstName": "Daryl",
    "lastName": "Pitt",
    "age": 44
  },
  {
    "id": 576,
    "firstName": "Lusa",
    "lastName": "Jena",
    "age": 97
  },
  {
    "id": 577,
    "firstName": "Rozele",
    "lastName": "Ferrell",
    "age": 28
  },
  {
    "id": 578,
    "firstName": "Nerta",
    "lastName": "Anton",
    "age": 82
  },
  {
    "id": 579,
    "firstName": "Judy",
    "lastName": "Schwejda",
    "age": 69
  },
  {
    "id": 580,
    "firstName": "Laurene",
    "lastName": "Dituri",
    "age": 85
  },
  {
    "id": 581,
    "firstName": "Joceline",
    "lastName": "Montgomery",
    "age": 38
  },
  {
    "id": 582,
    "firstName": "Anthia",
    "lastName": "Jorgan",
    "age": 50
  },
  {
    "id": 583,
    "firstName": "Devina",
    "lastName": "Swigart",
    "age": 33
  },
  {
    "id": 584,
    "firstName": "Netty",
    "lastName": "McLaughlin",
    "age": 98
  },
  {
    "id": 585,
    "firstName": "Perry",
    "lastName": "Terrence",
    "age": 78
  },
  {
    "id": 586,
    "firstName": "Florencia",
    "lastName": "Edmund",
    "age": 50
  },
  {
    "id": 587,
    "firstName": "Elbertina",
    "lastName": "Rese",
    "age": 73
  },
  {
    "id": 588,
    "firstName": "Romona",
    "lastName": "Docilla",
    "age": 93
  },
  {
    "id": 589,
    "firstName": "Cathyleen",
    "lastName": "Daegal",
    "age": 75
  },
  {
    "id": 590,
    "firstName": "Claresta",
    "lastName": "Eckblad",
    "age": 33
  },
  {
    "id": 591,
    "firstName": "Abbie",
    "lastName": "Elvyn",
    "age": 40
  },
  {
    "id": 592,
    "firstName": "Gretal",
    "lastName": "Xerxes",
    "age": 20
  },
  {
    "id": 593,
    "firstName": "Micheline",
    "lastName": "Girardo",
    "age": 44
  },
  {
    "id": 594,
    "firstName": "Michaelina",
    "lastName": "Meter",
    "age": 88
  },
  {
    "id": 595,
    "firstName": "Pollyanna",
    "lastName": "Hylan",
    "age": 81
  },
  {
    "id": 596,
    "firstName": "Rebeca",
    "lastName": "MacIntosh",
    "age": 70
  },
  {
    "id": 597,
    "firstName": "Angelique",
    "lastName": "Pascia",
    "age": 39
  },
  {
    "id": 598,
    "firstName": "Siana",
    "lastName": "Medrek",
    "age": 80
  },
  {
    "id": 599,
    "firstName": "Gale",
    "lastName": "Seligman",
    "age": 24
  },
  {
    "id": 600,
    "firstName": "Sue",
    "lastName": "Fiann",
    "age": 21
  },
  {
    "id": 601,
    "firstName": "Jean",
    "lastName": "Olympium",
    "age": 46
  },
  {
    "id": 602,
    "firstName": "Ernesta",
    "lastName": "Gaynor",
    "age": 65
  },
  {
    "id": 603,
    "firstName": "Angela",
    "lastName": "Horan",
    "age": 61
  },
  {
    "id": 604,
    "firstName": "Babita",
    "lastName": "Hailee",
    "age": 40
  },
  {
    "id": 605,
    "firstName": "Isa",
    "lastName": "Colp",
    "age": 88
  },
  {
    "id": 606,
    "firstName": "Veda",
    "last
